user_id,can_edit_profile,can_add_projects,can_manage_team,created_at,updated_at
"12345678-1234-1234-1234-123456789abc",true,true,true,"2024-01-15T10:00:00Z","2024-01-15T10:00:00Z"
"22345678-1234-1234-1234-123456789abc",true,true,false,"2024-01-16T10:00:00Z","2024-01-16T10:00:00Z"
"32345678-1234-1234-1234-123456789abc",true,false,false,"2024-01-17T10:00:00Z","2024-01-17T10:00:00Z"
"42345678-1234-1234-1234-123456789abc",false,false,false,"2024-01-18T10:00:00Z","2024-01-18T10:00:00Z"
"52345678-1234-1234-1234-123456789abc",false,false,false,"2024-01-19T10:00:00Z","2024-01-19T10:00:00Z"
"62345678-1234-1234-1234-123456789abc",true,true,false,"2024-01-20T10:00:00Z","2024-01-20T10:00:00Z"
"72345678-1234-1234-1234-123456789abc",true,false,false,"2024-01-21T10:00:00Z","2024-01-21T10:00:00Z"
"82345678-1234-1234-1234-123456789abc",false,false,false,"2024-01-22T10:00:00Z","2024-01-22T10:00:00Z"

