id,title,content,author_id,images_base64,published_at,created_at
"blog-001","Transforming Lives Through Community Health Programs","Our recent community health awareness program has reached over 500 families across 10 villages in East Godavari district. The program focuses on preventive healthcare, nutrition education, and basic medical check-ups. We've seen remarkable improvements in health awareness and early disease detection among community members. The program includes regular health camps, awareness sessions, and distribution of health materials. Our dedicated team of healthcare professionals and volunteers work tirelessly to ensure every family receives the care they need.","12345678-1234-1234-1234-123456789abc","[]","2024-01-15T10:00:00Z","2024-01-15T10:00:00Z"
"blog-002","Empowering Women Through Entrepreneurship","The Women's Entrepreneurship Development program has successfully trained over 200 women in business skills, micro-finance, and leadership. Many participants have started their own small businesses, creating sustainable income sources for their families. The program includes workshops on business planning, financial management, marketing, and networking. We're proud to see these women become role models in their communities and inspire others to pursue their entrepreneurial dreams.","22345678-1234-1234-1234-123456789abc","[]","2024-01-16T10:00:00Z","2024-01-16T10:00:00Z"
"blog-003","Digital Literacy: Opening Doors to New Opportunities","Our Digital Literacy for Youth program has equipped over 300 young people with essential computer skills and internet knowledge. Participants have learned basic computer operations, internet usage, email communication, and digital tools. Many graduates have found better employment opportunities or started online businesses. The program continues to expand, reaching more communities and adapting to the latest technological trends.","32345678-1234-1234-1234-123456789abc","[]","2024-01-17T10:00:00Z","2024-01-17T10:00:00Z"
"blog-004","Celebrating Our Senior Citizens","The Senior Citizens Care Program has been a heartwarming success, providing healthcare support and social activities for over 150 elderly community members. We organize regular health check-ups, social gatherings, and assistance programs. The program has created a strong support network among seniors, reducing isolation and improving their quality of life. Our volunteers have formed meaningful relationships with the elderly, creating a sense of family and belonging.","42345678-1234-1234-1234-123456789abc","[]","2024-01-18T10:00:00Z","2024-01-18T10:00:00Z"
"blog-005","Agricultural Innovation for Sustainable Farming","Our Agricultural Training Initiative has trained over 100 farmers in modern techniques and sustainable practices. Farmers have learned about crop diversification, organic farming, water conservation, and pest management. The results have been impressive, with increased crop yields and reduced input costs. Many farmers have adopted these practices and are now teaching others in their communities, creating a ripple effect of knowledge and improvement.","52345678-1234-1234-1234-123456789abc","[]","2024-01-19T10:00:00Z","2024-01-19T10:00:00Z"
"blog-006","Supporting Children's Education Journey","The Children's Education Support program has been instrumental in helping over 400 children improve their academic performance. We provide educational materials, tutoring sessions, and after-school programs. The program has seen significant improvements in attendance, grades, and overall enthusiasm for learning. Many children who were struggling academically are now thriving and have developed a love for learning.","62345678-1234-1234-1234-123456789abc","[]","2024-01-20T10:00:00Z","2024-01-20T10:00:00Z"
"blog-007","Disaster Relief: Standing Strong Together","Our Disaster Relief and Recovery program has provided crucial support to over 1000 families affected by natural disasters. We've distributed emergency supplies, provided temporary shelter, and supported long-term recovery efforts. The program has strengthened community resilience and created networks of mutual support. Our volunteers have shown incredible dedication, working in challenging conditions to help those in need.","72345678-1234-1234-1234-123456789abc","[]","2024-01-21T10:00:00Z","2024-01-21T10:00:00Z"
"blog-008","Mental Health: Breaking the Silence","The Mental Health Awareness program has reached over 500 community members, providing education, counseling, and support. We've organized awareness sessions, training for community leaders, and counseling services. The program has helped reduce stigma around mental health issues and created a more supportive community environment. Many people have come forward to seek help, and we've seen positive changes in community attitudes towards mental health.","82345678-1234-1234-1234-123456789abc","[]","2024-01-22T10:00:00Z","2024-01-22T10:00:00Z"

