id,name,email,message,created_at
"msg-001","Rajesh Kumar","rajesh.kumar@email.com","I would like to volunteer for your community health programs. Please let me know how I can get involved.","2024-01-15T10:00:00Z"
"msg-002","Priya Patel","priya.patel@email.com","Your women's entrepreneurship program sounds amazing. I would like to know more about how to participate.","2024-01-16T10:00:00Z"
"msg-003","Michael Johnson","michael.johnson@email.com","I am interested in making a donation to support your educational programs. Please provide more information.","2024-01-17T10:00:00Z"
"msg-004","Sarah Wilson","sarah.wilson@email.com","I would like to partner with your organization for a community development project. Let's discuss collaboration opportunities.","2024-01-18T10:00:00Z"
"msg-005","David Chen","david.chen@email.com","Your digital literacy program has helped many young people. I would like to contribute as a volunteer instructor.","2024-01-19T10:00:00Z"
"msg-006","Maria Garcia","maria.garcia@email.com","I am a healthcare professional and would like to volunteer for your health awareness programs.","2024-01-20T10:00:00Z"
"msg-007","Robert Brown","robert.brown@email.com","Your agricultural training initiative is making a real difference. I would like to support this program financially.","2024-01-21T10:00:00Z"
"msg-008","Lisa Anderson","lisa.anderson@email.com","I am interested in your scholarship program for students. Please provide details on how to apply.","2024-01-22T10:00:00Z"
"msg-009","James Taylor","james.taylor@email.com","Your disaster relief work is commendable. I would like to contribute to your emergency response fund.","2024-01-23T10:00:00Z"
"msg-010","Jennifer Davis","jennifer.davis@email.com","I would like to organize a fundraising event for your organization. Please let me know how we can work together.","2024-01-24T10:00:00Z"

